Ticker symbol,Security,SEC filings,GICS Sector,GICS Sub Industry,Address of Headquarters,Date first added
MMM,3M Company,reports,Industrials,Industrial Conglomerates,St. Paul, Minnesota,
ABT,Abbott Laboratories,reports,Health Care,Health Care Equipment,North Chicago, Illinois,1964-03-31
ABBV,AbbVie,reports,Health Care,Pharmaceuticals,North Chicago, Illinois,2012-12-31
ACN,Accenture plc,reports,Information Technology,IT Consulting & Other Services,Dublin, Ireland,2011-07-06
ATVI,Activision Blizzard,reports,Information Technology,Home Entertainment Software,Santa Monica, California,2015-08-31
AYI,Acuity Brands Inc,reports,Industrials,Electrical Components & Equipment,Atlanta, Georgia,2016-05-03
ADBE,Adobe Systems Inc,reports,Information Technology,Application Software,San Jose, California,1997-05-05
AAP,Advance Auto Parts,reports,Consumer Discretionary,Automotive Retail,Roanoke, Virginia,2015-07-09
AES,AES Corp,reports,Utilities,Independent Power Producers & Energy Traders,Arlington, Virginia,
AET,Aetna Inc,reports,Health Care,Managed Health Care,Hartford, Connecticut,1976-06-30
AMG,Affiliated Managers Group Inc,reports,Financials,Asset Management & Custody Banks,Beverly, Massachusetts,2014-07-01
AFL,AFLAC Inc,reports,Financials,Life & Health Insurance,Columbus, Georgia,
A,Agilent Technologies Inc,reports,Health Care,Health Care Equipment,Santa Clara, California,
APD,Air Products & Chemicals Inc,reports,Materials,Industrial Gases,Allentown, Pennsylvania,1985-04-30
AKAM,Akamai Technologies Inc,reports,Information Technology,Internet Software & Services,Cambridge, Massachusetts,2007-07-12
ALK,Alaska Air Group Inc,reports,Industrials,Airlines,Seattle, Washington,2016-05-13
ALB,Albemarle Corp,reports,Materials,Specialty Chemicals,Baton Rouge, Louisiana,2016-07-01
ALXN,Alexion Pharmaceuticals,reports,Health Care,Biotechnology,Cheshire, Connecticut,2012-05-25
ALLE,Allegion,reports,Industrials,Building Products,Dublin, Ireland,2013-12-02
AGN,Allergan, Plc,reports,Health Care,Pharmaceuticals,Dublin, Ireland,
ADS,Alliance Data Systems,reports,Information Technology,Data Processing & Outsourced Services,Plano, Texas,2013-12-23
LNT,Alliant Energy Corp,reports,Utilities,Electric Utilities,Madison, Wisconsin,2016-07-01
ALL,Allstate Corp,reports,Financials,Property & Casualty Insurance,Northfield Township, Illinois,
GOOGL,Alphabet Inc Class A,reports,Information Technology,Internet Software & Services,Mountain View, California,2014-04-03
GOOG,Alphabet Inc Class C,reports,Information Technology,Internet Software & Services,Mountain View, California,
MO,Altria Group Inc,reports,Consumer Staples,Tobacco,Richmond, Virginia,
AMZN,Amazon.com Inc,reports,Consumer Discretionary,Internet & Direct Marketing Retail,Seattle, Washington,2005-11-18
AEE,Ameren Corp,reports,Utilities,MultiUtilities,St. Louis, Missouri,1991-09-19
AAL,American Airlines Group,reports,Industrials,Airlines,Fort Worth, Texas,2015-03-23
AEP,American Electric Power,reports,Utilities,Electric Utilities,Columbus, Ohio,
AXP,American Express Co,reports,Financials,Consumer Finance,New York, New York,1976-06-30
AIG,American International Group, Inc.,reports,Financials,Property & Casualty Insurance,New York, New York,1980-03-31
AMT,American Tower Corp A,reports,Real Estate,Specialized REITs,Boston, Massachusetts,2007-11-19
AWK,American Water Works Company Inc,reports,Utilities,Water Utilities,Voorhees, New Jersey,2016-03-04
AMP,Ameriprise Financial,reports,Financials,Asset Management & Custody Banks,Minneapolis, Minnesota,
ABC,AmerisourceBergen Corp,reports,Health Care,Health Care Distributors,Chesterbrook, Pennsylvania,
AME,AMETEK Inc,reports,Industrials,Electrical Components & Equipment,Berwyn, Pennsylvania,2013-09-23
AMGN,Amgen Inc,reports,Health Care,Biotechnology,Thousand Oaks, California,1992-01-02
APH,Amphenol Corp,reports,Information Technology,Electronic Components,Wallingford, Connecticut,2008-09-30
APC,Anadarko Petroleum Corp,reports,Energy,Oil & Gas Exploration & Production,The Woodlands, Texas,
ADI,Analog Devices, Inc.,reports,Information Technology,Semiconductors,Norwood, Massachusetts,
ANTM,Anthem Inc.,reports,Health Care,Managed Health Care,Indianapolis, Indiana,
AON,Aon plc,reports,Financials,Insurance Brokers,London, United Kingdom,
APA,Apache Corporation,reports,Energy,Oil & Gas Exploration & Production,Houston, Texas,
AIV,Apartment Investment & Mgmt,reports,Real Estate,REITs,Denver, Colorado,
AAPL,Apple Inc.,reports,Information Technology,Computer Hardware,Cupertino, California,1982-11-30
AMAT,Applied Materials Inc,reports,Information Technology,Semiconductor Equipment,Santa Clara, California,
ADM,Archer-Daniels-Midland Co,reports,Consumer Staples,Agricultural Products,Decatur, Illinois,1981-07-29
ARNC,Arconic Inc,reports,Industrials,Aerospace & Defense,New York, New York,1964-03-31
AJG,Arthur J. Gallagher & Co.,reports,Financials,Insurance Brokers,Itasca, Illinois,2016-05-31
AIZ,Assurant Inc,reports,Financials,Multi-line Insurance,New York, New York,2007-04-10
T,AT&T Inc,reports,Telecommunications Services,Integrated Telecommunications Services,Dallas, Texas,1983-11-30
ADSK,Autodesk Inc,reports,Information Technology,Application Software,San Rafael, California,1989-12-01
ADP,Automatic Data Processing,reports,Information Technology,Internet Software & Services,Roseland, New Jersey,1981-03-31
AN,AutoNation Inc,reports,Consumer Discretionary,Specialty Stores,Fort Lauderdale, Florida,
AZO,AutoZone Inc,reports,Consumer Discretionary,Specialty Stores,Memphis, Tennessee,
AVB,AvalonBay Communities, Inc.,reports,Real Estate,Residential REITs,Arlington, Virginia[3],2007-01-10
AVY,Avery Dennison Corp,reports,Materials,Paper Packaging,Glendale, California,1987-12-31
BHI,Baker Hughes Inc,reports,Energy,Oil & Gas Equipment & Services,Houston, Texas,
BLL,Ball Corp,reports,Materials,Metal & Glass Containers,Broomfield, Colorado,1984-10-31
BAC,Bank of America Corp,reports,Financials,Banks,Charlotte, North Carolina,1976-06-30
BCR,Bard (C.R.) Inc.,reports,Health Care,Health Care Equipment,Murray Hill, New Jersey,1975-06-30
BAX,Baxter International Inc.,reports,Health Care,Health Care Equipment,Deerfield, Illinois,1972-09-30
BBT,BB&T Corporation,reports,Financials,Banks,Winston-Salem, North Carolina,
BDX,Becton Dickinson,reports,Health Care,Health Care Equipment,Franklin Lakes, New Jersey,1972-09-30
BBBY,Bed Bath & Beyond,reports,Consumer Discretionary,Specialty Stores,Union, New Jersey,
BRK.B,Berkshire Hathaway,reports,Financials,Multi-Sector Holdings,Omaha, Nebraska,2010-02-16
BBY,Best Buy Co. Inc.,reports,Consumer Discretionary,Computer & Electronics Retail,Richfield, Minnesota,
BIIB,BIOGEN IDEC Inc.,reports,Health Care,Biotechnology,Weston, Massachusetts,
BLK,BlackRock,reports,Financials,Asset Management & Custody Banks,New York, New York,2011-04-04
HRB,Block H&R,reports,Financials,Consumer Finance,Kansas City, Missouri,1986-11-30
BA,Boeing Company,reports,Industrials,Aerospace & Defense,Chicago, Illinois,
BWA,BorgWarner,reports,Consumer Discretionary,Auto Parts & Equipment,Auburn Hills, Michigan,2011-12-19
BXP,Boston Properties,reports,Real Estate,REITs,Boston, Massachusetts,
BSX,Boston Scientific,reports,Health Care,Health Care Equipment,Marlborough, Massachusetts[4],
BMY,Bristol-Myers Squibb,reports,Health Care,Health Care Distributors,New York, New York,
AVGO,Broadcom,reports,Information Technology,Semiconductors,San Jose, California,2014-05-08
BF.B,Brown-Forman Corporation,reports,Consumer Staples,Distillers & Vintners,Louisville, Kentucky,1982-10-31
CHRW,C. H. Robinson Worldwide,reports,Industrials,Air Freight & Logistics,Eden Prairie, Minnesota,
CA,CA, Inc.,reports,Information Technology,Systems Software,Islandia, New York,1987-07-31
cog,Cabot Oil & Gas,reports,Energy,Oil & Gas Exploration & Production,Houston, Texas,2008-06-23
CPB,Campbell Soup,reports,Consumer Staples,Packaged Foods & Meats,Camden, New Jersey,
COF,Capital One Financial,reports,Financials,Consumer Finance,Tysons Corner, Virginia,
CAH,Cardinal Health Inc.,reports,Health Care,Health Care Distributors,Dublin, Ohio,
KMX,Carmax Inc,reports,Consumer Discretionary,Specialty Stores,Richmond, Virginia,2010-06-28
CCL,Carnival Corp.,reports,Consumer Discretionary,Hotels, Resorts & Cruise Lines,Miami, Florida,
CAT,Caterpillar Inc.,reports,Industrials,Construction & Farm Machinery & Heavy Trucks,Peoria, Illinois,
CBG,CBRE Group,reports,Real Estate,Real Estate Services,Los Angeles, California,
CBS,CBS Corp.,reports,Consumer Discretionary,Broadcasting & Cable TV,New York, New York,1994-09-01
CELG,Celgene Corp.,reports,Health Care,Biotechnology,Summit, New Jersey,
CNC,Centene Corporation,reports,Health Care,Managed Health Care,St Louis, Missouri,2016-03-30
CNP,CenterPoint Energy,reports,Utilities,MultiUtilities,Houston, Texas,1985-07-31
CTL,CenturyLink Inc,reports,Telecommunications Services,Integrated Telecommunications Services,Monroe, Louisiana,
CERN,Cerner,reports,Health Care,Health Care Technology,North Kansas City, Missouri,2010-04-30
CF,CF Industries Holdings Inc,reports,Materials,Fertilizers & Agricultural Chemicals,Deerfield, Illinois,2008-08-27
SCHW,Charles Schwab Corporation,reports,Financials,Investment Banking & Brokerage,San Francisco, California,
CHTR,Charter Communications,reports,Consumer Discretionary,Cable & Satellite,Stamford, Connecticut,2016-09-08
CHK,Chesapeake Energy,reports,Energy,Integrated Oil & Gas,Oklahoma City, Oklahoma,
CVX,Chevron Corp.,reports,Energy,Integrated Oil & Gas,San Ramon, California,
CMG,Chipotle Mexican Grill,reports,Consumer Discretionary,Restaurants,Denver, Colorado,2011-04-28
CB,Chubb Limited,reports,Financials,Property & Casualty Insurance,Zurich, Switzerland,2010-07-15
CHD,Church & Dwight,reports,Consumer Staples,Household Products,Ewing, New Jersey,2015-12-29
CI,CIGNA Corp.,reports,Health Care,Managed Health Care,Philadelphia, Pennsylvania,1976-06-30
XEC,Cimarex Energy,reports,Energy,Oil & Gas Exploration & Production,Denver, Colorado,2014-06-21
CINF,Cincinnati Financial,reports,Financials,Property & Casualty Insurance,Fairfield, Ohio,
CTAS,Cintas Corporation,reports,Industrials,Diversified Support Services,Mason, Ohio,
CSCO,Cisco Systems,reports,Information Technology,Networking Equipment,San Jose, California,1993-12-01
C,Citigroup Inc.,reports,Financials,Banks,New York, New York,1988-05-31
CFG,Citizens Financial Group,reports,Financials,Regional Banks,Providence, Rhode Island,2016-01-29
CTXS,Citrix Systems,reports,Information Technology,Internet Software & Services,Fort Lauderdale, Florida,
CME,CME Group Inc.,reports,Financials,Financial Exchanges & Data,Chicago, Illinois,
CMS,CMS Energy,reports,Utilities,MultiUtilities,Jackson, Michigan,
COH,Coach Inc.,reports,Consumer Discretionary,Apparel, Accessories & Luxury Goods,New York, New York,
KO,Coca Cola Company,reports,Consumer Staples,Soft Drinks,Atlanta, Georgia,
CTSH,Cognizant Technology Solutions,reports,Information Technology,IT Consulting & Other Services,Teaneck, New Jersey,
CL,Colgate-Palmolive,reports,Consumer Staples,Household Products,New York, New York,
CMCSA,Comcast A Corp,reports,Consumer Discretionary,Cable & Satellite,Philadelphia, Pennsylvania,2015-09-18
CMA,Comerica Inc.,reports,Financials,Regional Banks,Dallas, Texas,
CAG,ConAgra Foods Inc.,reports,Consumer Staples,Packaged Foods & Meats,Omaha, Nebraska,1983-08-31
CXO,Concho Resources,reports,Energy,Oil & Gas Exploration & Production,Midland, Texas,2016-02-22
COP,ConocoPhillips,reports,Energy,Oil & Gas Exploration & Production,Houston, Texas,
ED,Consolidated Edison,reports,Utilities,Electric Utilities,New York, New York,
STZ,Constellation Brands,reports,Consumer Staples,Distillers & Vintners,Victor, New York,
GLW,Corning Inc.,reports,Information Technology,Electronic Components,Corning, New York,
COST,Costco Co.,reports,Consumer Staples,Hypermarkets & Super Centers,Issaquah, Washington,1993-10-01
COTY,Coty, Inc,reports,Consumer Staples,Personal Products,New York, NY,2016-10-03
CCI,Crown Castle International Corp.,reports,Real Estate,REITs,Houston, Texas,2012-03-14
CSRA,CSRA Inc.,reports,Information Technology,IT Consulting & Other Services,Falls Church, Virginia,2015-12-01
CSX,CSX Corp.,reports,Industrials,Railroads,Jacksonville, Florida,1967-09-30
CMI,Cummins Inc.,reports,Industrials,Industrial Machinery,Columbus, Indiana,1965-03-31
CVS,CVS Health,reports,Consumer Staples,Drug Retail,Woonsocket, Rhode Island,
DHI,D. R. Horton,reports,Consumer Discretionary,Homebuilding,Fort Worth, Texas,
DHR,Danaher Corp.,reports,Industrials,Industrial Conglomerates,Washington, D.C.,
DRI,Darden Restaurants,reports,Consumer Discretionary,Restaurants,Orlando, Florida,
DVA,DaVita Inc.,reports,Health Care,Health Care Facilities,Denver, Colorado,2008-07-31
DE,Deere & Co.,reports,Industrials,Construction & Farm Machinery & Heavy Trucks,Moline, Illinois,
DLPH,Delphi Automotive,reports,Consumer Discretionary,Auto Parts & Equipment,Gillingham, Kent, United Kingdom,2012-12-24
DAL,Delta Air Lines,reports,Industrials,Airlines,Atlanta, Georgia,2013-09-11
XRAY,Dentsply Sirona,reports,Health Care,Health Care Supplies,York, Pennsylvania,2008-11-14
DVN,Devon Energy Corp.,reports,Energy,Oil & Gas Exploration & Production,Oklahoma City, Oklahoma,
DLR,Digital Realty Trust,reports,Real Estate,Specialized REITs,San Francisco, California,2016-05-18
DFS,Discover Financial Services,reports,Financials,Consumer Finance,Riverwoods, Illinois,2007-07-02
DISCA,Discovery Communications-A,reports,Consumer Discretionary,Cable & Satellite,Silver Spring, Maryland,2010-03-01
DISCK,Discovery Communications-C,reports,Consumer Discretionary,Cable & Satellite,Silver Spring, Maryland,2014-08-07
DG,Dollar General,reports,Consumer Discretionary,General Merchandise Stores,Goodlettsville, Tennessee,2012-12-03
DLTR,Dollar Tree,reports,Consumer Discretionary,General Merchandise Stores,Chesapeake, Virginia,2011-12-19
D,Dominion Resources,reports,Utilities,Electric Utilities,Richmond, Virginia,
DOV,Dover Corp.,reports,Industrials,Industrial Machinery,Downers Grove, Illinois,1985-10-31
DOW,Dow Chemical,reports,Materials,Diversified Chemicals,Midland, Michigan,
DPS,Dr Pepper Snapple Group,reports,Consumer Staples,Soft Drinks,Plano, Texas,2008-10-07
DTE,DTE Energy Co.,reports,Utilities,MultiUtilities,Detroit, Michigan,
DD,Du Pont (E.I.),reports,Materials,Diversified Chemicals,Wilmington, Delaware,
DUK,Duke Energy,reports,Utilities,Electric Utilities,Charlotte, North Carolina,1976-06-30
DNB,Dun & Bradstreet,reports,Industrials,Research & Consulting Services,Short Hills, New Jersey,2008-12-02
ETFC,E*Trade,reports,Financials,Investment Banking & Brokerage,New York, New York,2004-03-31
EMN,Eastman Chemical,reports,Materials,Diversified Chemicals,Kingsport, Tennessee,1994-01-01
ETN,Eaton Corporation,reports,Industrials,Industrial Conglomerates,Dublin, Ireland,
EBAY,eBay Inc.,reports,Information Technology,Internet Software & Services,San Jose, California,
ECL,Ecolab Inc.,reports,Materials,Specialty Chemicals,St. Paul, Minnesota,1989-01-31
EIX,Edison Int'l,reports,Utilities,Electric Utilities,Rosemead, California,
EW,Edwards Lifesciences,reports,Health Care,Health Care Equipment,Irvine, California,2011-04-01
EA,Electronic Arts,reports,Information Technology,Home Entertainment Software,Redwood City, California,
emr,Emerson Electric Company,reports,Industrials,Industrial Conglomerates,Ferguson, Missouri,1965-03-31
ENDP,Endo International,reports,Health Care,Pharmaceuticals,Dublin, Ireland,2015-01-27
ETR,Entergy Corp.,reports,Utilities,Electric Utilities,New Orleans, Louisiana,
EVHC,Envision Healthcare Corp,reports,Health Care,Health Care Services,Nashville, Tennessee,2016-12-02
EOG,EOG Resources,reports,Energy,Oil & Gas Exploration & Production,Houston, Texas,
EQT,EQT Corporation,reports,Energy,Oil & Gas Exploration & Production,Pittsburgh, Pennsylvania,2008-12-19
EFX,Equifax Inc.,reports,Industrials,Research & Consulting Services,Atlanta, Georgia,
EQIX,Equinix,reports,Real Estate,REITs,Redwood City, California,2015-03-20
EQR,Equity Residential,reports,Real Estate,REITs,Chicago, Illinois,
ESS,Essex Property Trust, Inc.,reports,Real Estate,Residential REITs,Palo Alto, California,2014-04-02
EL,Estee Lauder Cos.,reports,Consumer Staples,Personal Products,New York, New York,
ES,Eversource Energy,reports,Utilities,MultiUtilities,Springfield, Massachusetts,
EXC,Exelon Corp.,reports,Utilities,MultiUtilities,Chicago, Illinois,
EXPE,Expedia Inc.,reports,Consumer Discretionary,Internet & Direct Marketing Retail,Bellevue, Washington,2007-10-02
EXPD,Expeditors Int'l,reports,Industrials,Air Freight & Logistics,Seattle, Washington,2007-10-10
ESRX,Express Scripts,reports,Health Care,Health Care Distributors,Cool Valley, Missouri,2003-09-25
EXR,Extra Space Storage,reports,Real Estate,Specialized REITs,Salt Lake City, UT,2016-01-19
XOM,Exxon Mobil Corp.,reports,Energy,Integrated Oil & Gas,Irving, Texas,
FFIV,F5 Networks,reports,Information Technology,Networking Equipment,Seattle, Washington,2010-12-20
FB,Facebook,reports,Information Technology,Internet Software & Services,Menlo Park, California,2013-12-23
FAST,Fastenal Co,reports,Industrials,Building Products,Winona, Minnesota,2009-09-15
FRT,Federal Realty Investment Trust,reports,Real Estate,Retail REITs,Rockville, Maryland,2016-02-01
FDX,FedEx Corporation,reports,Industrials,Air Freight & Logistics,Memphis, Tennessee,1980-12-31
FIS,Fidelity National Information Services,reports,Information Technology,Internet Software & Services,Jacksonville, Florida,
FITB,Fifth Third Bancorp,reports,Financials,Banks,Cincinnati, Ohio,
FSLR,First Solar Inc,reports,Information Technology,Semiconductors,Tempe, Arizona,2009-10-16
FE,FirstEnergy Corp,reports,Utilities,Electric Utilities,Akron, Ohio,
FISV,Fiserv Inc,reports,Information Technology,Internet Software & Services,Brookfield, Wisconsin,
FLIR,FLIR Systems,reports,Information Technology,Electronic Equipment & Instruments,Wilsonville, Oregon,2009-01-02
FLS,Flowserve Corporation,reports,Industrials,Industrial Machinery,Irving, Texas,2008-10-02
FLR,Fluor Corp.,reports,Industrials,Diversified Commercial Services,Irving, Texas,1980-03-31
FMC,FMC Corporation,reports,Materials,Diversified Chemicals,Philadelphia, Pennsylvania,2009-08-19
FTI,FMC Technologies Inc.,reports,Energy,Oil & Gas Equipment & Services,Houston, Texas,2009-06-05
FL,Foot Locker Inc,reports,Consumer Discretionary,Apparel Retail,New York, New York,2016-04-04
F,Ford Motor,reports,Consumer Discretionary,Automobile Manufacturers,Dearborn, Michigan,
FTV,Fortive Corp,reports,Industrials,Industrial Machinery,Everett, Washington,2016-07-01
FBHS,Fortune Brands Home & Security,reports,Industrials,Building Products,Deerfield, Illinois,2016-06-22
BEN,Franklin Resources,reports,Financials,Asset Management & Custody Banks,San Mateo, California,
FCX,Freeport-McMoran Cp & Gld,reports,Materials,Copper,Phoenix, Arizona,
FTR,Frontier Communications,reports,Telecommunications Services,Integrated Telecommunications Services,Stamford, Connecticut,
GPS,Gap (The),reports,Consumer Discretionary,Apparel Retail,San Francisco, California,1986-08-31
GRMN,Garmin Ltd.,reports,Consumer Discretionary,Consumer Electronics,Schaffhausen, Switzerland,2012-12-12
GD,General Dynamics,reports,Industrials,Aerospace & Defense,Falls Church, Virginia,
GE,General Electric,reports,Industrials,Industrial Conglomerates,Fairfield, Connecticut,
GGP,General Growth Properties Inc.,reports,Real Estate,Retail REITs,Chicago, Illinois,2013-12-10
GIS,General Mills,reports,Consumer Staples,Packaged Foods & Meats,Golden Valley, Minnesota,1969-03-31
GM,General Motors,reports,Consumer Discretionary,Automobile Manufacturers,Detroit, Michigan,2013-06-06
GPC,Genuine Parts,reports,Consumer Discretionary,Specialty Stores,Atlanta, Georgia,1973-12-31
GILD,Gilead Sciences,reports,Health Care,Biotechnology,Foster City, California,
GPN,Global Payments Inc,reports,Information Technology,Data Processing & Outsourced Services,Atlanta, Georgia,2016-04-25
GS,Goldman Sachs Group,reports,Financials,Investment Banking & Brokerage,New York, New York,
GT,Goodyear Tire & Rubber,reports,Consumer Discretionary,Tires & Rubber,Akron, Ohio,
GWW,Grainger (W.W.) Inc.,reports,Industrials,Industrial Materials,Lake Forest, Illinois,1981-06-30
HAL,Halliburton Co.,reports,Energy,Oil & Gas Equipment & Services,Houston, Texas,
HBI,Hanesbrands Inc,reports,Consumer Discretionary,Apparel, Accessories & Luxury Goods,Winston-Salem, North Carolina,2015-03-20
HOG,Harley-Davidson,reports,Consumer Discretionary,Motorcycle Manufacturers,Milwaukee, Wisconsin,
HAR,Harman Int'l Industries,reports,Consumer Discretionary,Consumer Electronics,Stamford, Connecticut,
HRS,Harris Corporation,reports,Information Technology,Telecommunications Equipment,Melbourne, Florida,2008-09-22
HIG,Hartford Financial Svc.Gp.,reports,Financials,Property & Casualty Insurance,Hartford, Connecticut,
HAS,Hasbro Inc.,reports,Consumer Discretionary,Leisure Products,Pawtucket, Rhode Island,1984-09-30
HCA,HCA Holdings,reports,Health Care,Health Care Facilities,Nashville, Tennessee,2015-01-27
HCP,HCP Inc.,reports,Real Estate,REITs,Long Beach, California,2008-03-31
HP,Helmerich & Payne,reports,Energy,Oil & Gas Drilling,Tulsa, Oklahoma[5],
HSIC,Henry Schein,reports,Health Care,Health Care Distributors,Melville, New York,2015-03-17
HES,Hess Corporation,reports,Energy,Integrated Oil & Gas,New York, New York,1984-05-31
HPE,Hewlett Packard Enterprise,reports,Information Technology,Technology Hardware, Storage & Peripherals,Palo Alto, California,2015-11-02
HOLX,Hologic,reports,Health Care,Health Care Equipment,Marlborough, Massachusetts,2016-03-30
HD,Home Depot,reports,Consumer Discretionary,Home Improvement Retail,Atlanta, Georgia,1988-03-31
HON,Honeywell Int'l Inc.,reports,Industrials,Industrial Conglomerates,Morristown, New Jersey,1964-03-31
HRL,Hormel Foods Corp.,reports,Consumer Staples,Packaged Foods & Meats,Austin, Minnesota,2009-03-04
HST,Host Hotels & Resorts,reports,Real Estate,REITs,Bethesda, Maryland,2007-03-20
HPQ,HP Inc.,reports,Information Technology,Computer Hardware,Palo Alto, California,1974-12-31
HUM,Humana Inc.,reports,Health Care,Managed Health Care,Louisville, Kentucky,
HBAN,Huntington Bancshares,reports,Financials,Banks,Columbus, Ohio,
IDXX,IDEXX Laboratories,reports,Health Care,Health Care Equipment,Westbrook, Maine,2017-01-05
ITW,Illinois Tool Works,reports,Industrials,Industrial Machinery,Glenview, Illinois,1986-02-28
ILMN,Illumina Inc,reports,Health Care,Life Sciences Tools & Services,San Diego, California,2015-11-19
IR,Ingersoll-Rand PLC,reports,Industrials,Industrial Conglomerates,Dublin, Ireland,2010-11-17
INTC,Intel Corp.,reports,Information Technology,Semiconductors,Santa Clara, California,1976-12-31
ICE,Intercontinental Exchange,reports,Financials,Diversified Financial Services,Atlanta, Georgia,2007-09-26
IBM,International Business Machines,reports,Information Technology,IT Consulting & Other Services,Armonk, New York,
IP,International Paper,reports,Materials,Paper Packaging,Memphis, Tennessee,
IPG,Interpublic Group,reports,Consumer Discretionary,Advertising,New York, New York,1992-10-01
IFF,Intl Flavors & Fragrances,reports,Materials,Specialty Chemicals,New York, New York,1976-03-31
INTU,Intuit Inc.,reports,Information Technology,Internet Software & Services,Mountain View, California,2000-12-05
ISRG,Intuitive Surgical Inc.,reports,Health Care,Health Care Equipment,Sunnyvale, California,2008-06-02
IVZ,Invesco Ltd.,reports,Financials,Asset Management & Custody Banks,Atlanta, Georgia,2008-08-21
IRM,Iron Mountain Incorporated,reports,Real Estate,REITs,Boston, Massachusetts,2009-01-06
JBHT,J. B. Hunt Transport Services,reports,Industrials,Trucking,Lowell, Arkansas,2015-07-01
JEC,Jacobs Engineering Group,reports,Industrials,Industrial Conglomerates,Pasadena, California,2007-10-26
SJM,JM Smucker,reports,Consumer Staples,Packaged Foods & Meats,Orrville, Ohio,2008-11-06
JNJ,Johnson & Johnson,reports,Health Care,Health Care Equipment,New Brunswick, New Jersey,1973-06-30
JCI,Johnson Controls International,reports,Industrials,Building Products,Cork, Ireland,2010-08-27
JPM,JPMorgan Chase & Co.,reports,Financials,Banks,New York, New York,1975-06-30
JNPR,Juniper Networks,reports,Information Technology,Networking Equipment,Sunnyvale, California,
KSU,Kansas City Southern,reports,Industrials,Railroads,Kansas City, Missouri,2013-05-24
K,Kellogg Co.,reports,Consumer Staples,Packaged Foods & Meats,Battle Creek, Michigan,
KEY,KeyCorp,reports,Financials,Banks,Cleveland, Ohio,1994-03-01
KMB,Kimberly-Clark,reports,Consumer Staples,Household Products,Irving, Texas,
KIM,Kimco Realty,reports,Real Estate,REITs,New Hyde Park, New York,
KMI,Kinder Morgan,reports,Energy,Oil & Gas Refining & Marketing & Transportation,Houston, Texas,2012-05-25
KLAC,KLA-Tencor Corp.,reports,Information Technology,Semiconductor Equipment,Milpitas, California,
KSS,Kohl's Corp.,reports,Consumer Discretionary,General Merchandise Stores,Menomonee Falls, Wisconsin,
KHC,Kraft Heinz Co,reports,Consumer Staples,Packaged Foods & Meats,Pittsburgh, Pennsylvania,2015-07-06
KR,Kroger Co.,reports,Consumer Staples,Food Retail,Cincinnati, Ohio,
LB,L Brands Inc.,reports,Consumer Discretionary,Apparel Retail,Columbus, Ohio,1983-09-30
LLL,L-3 Communications Holdings,reports,Industrials,Industrial Conglomerates,New York, New York,
LH,Laboratory Corp. of America Holding,reports,Health Care,Health Care Facilities,Burlington, North Carolina,
LRCX,Lam Research,reports,Information Technology,Semiconductor Equipment,Fremont, California,2012-06-29
LEG,Leggett & Platt,reports,Industrials,Industrial Conglomerates,Carthage, Missouri,
LEN,Lennar Corp.,reports,Consumer Discretionary,Homebuilding,Miami, Florida,
LUK,Leucadia National Corp.,reports,Financials,Multi-Sector Holdings,New York, New York,2007-08-27
LVLT,Level 3 Communications,reports,Telecommunications Services,Alternative Carriers,Broomfield, Colorado,2014-11-05
LLY,Lilly (Eli) & Co.,reports,Health Care,Pharmaceuticals,Indianapolis, Indiana,1970-12-31
LNC,Lincoln National,reports,Financials,Multi-line Insurance,Radnor, Pennsylvania,1976-06-30
LLTC,Linear Technology Corp.,reports,Information Technology,Semiconductors,Milpitas, California,
LKQ,LKQ Corporation,reports,Consumer Discretionary,Distributors,Chicago, Illinois,2016-05-23
LMT,Lockheed Martin Corp.,reports,Industrials,Aerospace & Defense,Bethesda, Maryland,1984-07-31
L,Loews Corp.,reports,Financials,Multi-Sector Holdings,New York, New York,
LOW,Lowe's Cos.,reports,Consumer Discretionary,Home Improvement Retail,Mooresville, North Carolina,1984-02-29
LYB,LyondellBasell,reports,Materials,Diversified Chemicals,Rotterdam, Netherlands,2012-09-05
MTB,M&T Bank Corp.,reports,Financials,Banks,Buffalo, New York,
MAC,Macerich,reports,Real Estate,Retail REITs,Santa Monica, California,2013-05-09
M,Macy's Inc.,reports,Consumer Discretionary,Department Stores,Cincinnati, Ohio,
MNK,Mallinckrodt Plc,reports,Health Care,Pharmaceuticals,Dublin, Ireland,2014-08-19
MRO,Marathon Oil Corp.,reports,Energy,Oil & Gas Exploration & Production,Houston, Texas,1991-05-01
MPC,Marathon Petroleum,reports,Energy,Oil & Gas Refining & Marketing & Transportation,Findlay, Ohio,2011-07-01
MAR,Marriott Int'l.,reports,Consumer Discretionary,Hotels, Resorts & Cruise Lines,Bethesda, Maryland,
MMC,Marsh & McLennan,reports,Financials,Insurance Brokers,New York, New York,1987-08-31
MLM,Martin Marietta Materials,reports,Materials,Construction Materials,Raleigh, North Carolina,2014-07-02
MAS,Masco Corp.,reports,Industrials,Building Products,Taylor, Michigan,1981-06-30
MA,Mastercard Inc.,reports,Information Technology,Internet Software & Services,Harrison, New York,2008-07-18
MAT,Mattel Inc.,reports,Consumer Discretionary,Leisure Products,El Segundo, California,1982-03-31
MKC,McCormick & Co.,reports,Consumer Staples,Packaged Foods & Meats,Sparks, Maryland,
MCD,McDonald's Corp.,reports,Consumer Discretionary,Restaurants,Oak Brook, Illinois,1970-06-30
MCK,McKesson Corp.,reports,Health Care,Health Care Distributors,San Francisco, California,
MJN,Mead Johnson,reports,Consumer Staples,Packaged Foods & Meats,Glenview, Illinois,2009-12-21
MDT,Medtronic plc,reports,Health Care,Health Care Equipment,Dublin, Ireland,1986-10-31
MRK,Merck & Co.,reports,Health Care,Pharmaceuticals,Whitehouse Station, New Jersey,
MET,MetLife Inc.,reports,Financials,Life & Health Insurance,New York, New York,
MTD,Mettler Toledo,reports,Health Care,Life Sciences Tools & Services,Columbus, Ohio,2016-09-06
KORS,Michael Kors Holdings,reports,Consumer Discretionary,Apparel, Accessories & Luxury Goods,New York, New York,2013-11-13
MCHP,Microchip Technology,reports,Information Technology,Semiconductors,Chandler, Arizona,2007-09-07
MU,Micron Technology,reports,Information Technology,Semiconductors,Boise, Idaho,1994-09-27
MSFT,Microsoft Corp.,reports,Information Technology,Systems Software,Redmond, Washington,1994-06-01
MAA,Mid-America Apartments,reports,Real Estate,Residential REITs,Memphis, Tennessee,2016-12-02
MHK,Mohawk Industries,reports,Consumer Discretionary,Home Furnishings,Amsterdam, New York,2013-12-23
TAP,Molson Coors Brewing Company,reports,Consumer Staples,Brewers,Denver, Colorado,1976-06-30
MDLZ,Mondelez International,reports,Consumer Staples,Packaged Foods & Meats,Northfield, Illinois,2012-10-02
MON,Monsanto Co.,reports,Materials,Fertilizers & Agricultural Chemicals,Creve Coeur, Missouri,2002-08-07
MNST,Monster Beverage,reports,Consumer Staples,Soft Drinks,Corona, California,2012-06-28
MCO,Moody's Corp,reports,Financials,Diversified Financial Services,New York, New York,
MS,Morgan Stanley,reports,Financials,Investment Banking & Brokerage,New York, New York,
MSI,Motorola Solutions Inc.,reports,Information Technology,Telecommunications Equipment,Schaumburg, Illinois,
MUR,Murphy Oil,reports,Energy,Integrated Oil & Gas,El Dorado, Arkansas,
MYL,Mylan N.V.,reports,Health Care,Pharmaceuticals,Amsterdam, Netherlands,
NDAQ,NASDAQ OMX Group,reports,Financials,Diversified Financial Services,New York, New York,2008-10-22
NOV,National Oilwell Varco Inc.,reports,Energy,Oil & Gas Equipment & Services,Houston, Texas,
NAVI,Navient,reports,Financials,Consumer Finance,Newark, Delaware,2014-05-01
NTAP,NetApp,reports,Information Technology,Internet Software & Services,Sunnyvale, California,
NFLX,Netflix Inc.,reports,Information Technology,Internet Software & Services,Los Gatos, California,2010-12-20
NWL,Newell Brands,reports,Consumer Discretionary,Housewares & Specialties,Sandy Springs, Georgia,1989-04-30
NFX,Newfield Exploration Co,reports,Energy,Oil & Gas Exploration & Production,Houston, Texas,2010-12-20
NEM,Newmont Mining Corp. (Hldg. Co.),reports,Materials,Gold,Denver, Colorado,1969-06-30
NWSA,News Corp. Class A,reports,Consumer Discretionary,Publishing,New York, New York,2013-08-01
NWS,News Corp. Class B,reports,Consumer Discretionary,Publishing,New York, New York,2015-09-18
NEE,NextEra Energy,reports,Utilities,MultiUtilities,Juno Beach, Florida,1976-06-30
NLSN,Nielsen Holdings,reports,Industrials,Research & Consulting Services,New York, New York,2013-07-09
NKE,Nike,reports,Consumer Discretionary,Apparel, Accessories & Luxury Goods,Washington County, Oregon,1988-11-30
NI,NiSource Inc.,reports,Utilities,MultiUtilities,Merrillville, Indiana,
NBL,Noble Energy Inc,reports,Energy,Oil & Gas Exploration & Production,Houston, Texas,2007-10-08
JWN,Nordstrom,reports,Consumer Discretionary,Department Stores,Seattle, Washington,1986-08-31
NSC,Norfolk Southern Corp.,reports,Industrials,Railroads,Norfolk, Virginia,
NTRS,Northern Trust Corp.,reports,Financials,Asset Management & Custody Banks,Chicago, Illinois,
NOC,Northrop Grumman Corp.,reports,Industrials,Aerospace & Defense,West Falls Church, Virginia,1985-06-30
NRG,NRG Energy,reports,Utilities,Independent Power Producers & Energy Traders,Princeton, New Jersey,2010-01-29
NUE,Nucor Corp.,reports,Materials,Steel,Charlotte, North Carolina,1985-04-30
NVDA,Nvidia Corporation,reports,Information Technology,Semiconductors,Santa Clara, California,
ORLY,O'Reilly Automotive,reports,Consumer Discretionary,Specialty Stores,Springfield, Missouri,2009-03-27
OXY,Occidental Petroleum,reports,Energy,Oil & Gas Exploration & Production,Los Angeles, California,1982-12-31
OMC,Omnicom Group,reports,Consumer Discretionary,Advertising,New York, New York,
OKE,ONEOK,reports,Energy,Oil & Gas Exploration & Production,Tulsa, Oklahoma,2010-03-15
ORCL,Oracle Corp.,reports,Information Technology,Application Software,Redwood Shores, California,1989-08-31
PCAR,PACCAR Inc.,reports,Industrials,Construction & Farm Machinery & Heavy Trucks,Bellevue, Washington,1980-12-31
PH,Parker-Hannifin,reports,Industrials,Industrial Conglomerates,Cleveland, Ohio,1985-11-30
PDCO,Patterson Companies,reports,Health Care,Health Care Supplies,St. Paul, Minnesota,
PAYX,Paychex Inc.,reports,Information Technology,Internet Software & Services,Penfield, New York,
PYPL,PayPal,reports,Information Technology,Data Processing & Outsourced Services,San Jose, California,2015-07-20
PNR,Pentair Ltd.,reports,Industrials,Industrial Machinery,Worsley, UK,2012-10-01
PBCT,People's United Financial,reports,Financials,Thrifts & Mortgage Finance,Bridgeport, Connecticut,2008-11-13
PEP,PepsiCo Inc.,reports,Consumer Staples,Soft Drinks,Purchase, New York,
PKI,PerkinElmer,reports,Health Care,Health Care Equipment,Waltham, Massachusetts,1985-05-31
PRGO,Perrigo,reports,Health Care,Pharmaceuticals,Dublin, Ireland,2011-12-19
PFE,Pfizer Inc.,reports,Health Care,Pharmaceuticals,New York, New York,
PCG,PG&E Corp.,reports,Utilities,MultiUtilities,San Francisco, California,
PM,Philip Morris International,reports,Consumer Staples,Tobacco,New York, New York,2008-03-31
PSX,Phillips 66,reports,Energy,Oil & Gas Refining & Marketing & Transportation,Houston, Texas,2012-05-01
PNW,Pinnacle West Capital,reports,Utilities,MultiUtilities,Phoenix, Arizona,
PXD,Pioneer Natural Resources,reports,Energy,Oil & Gas Exploration & Production,Irving, Texas,2008-09-24
PBI,Pitney-Bowes,reports,Industrials,Technology, Hardware, Software and Supplies,Stamford, Connecticut,
PNC,PNC Financial Services,reports,Financials,Banks,Pittsburgh, Pennsylvania,1988-04-30
RL,Polo Ralph Lauren Corp.,reports,Consumer Discretionary,Apparel, Accessories & Luxury Goods,New York, New York,2007-02-02
PPG,PPG Industries,reports,Materials,Diversified Chemicals,Pittsburgh, Pennsylvania,
PPL,PPL Corp.,reports,Utilities,Electric Utilities,Allentown, Pennsylvania,
PX,Praxair Inc.,reports,Materials,Industrial Gases,Danbury, Connecticut,1992-07-01
PCLN,Priceline.com Inc,reports,Consumer Discretionary,Internet & Direct Marketing Retail,Norwalk, Connecticut,2009-11-06
PFG,Principal Financial Group,reports,Financials,Diversified Financial Services,Des Moines, Iowa,
PG,Procter & Gamble,reports,Consumer Staples,Personal Products,Cincinnati, Ohio,
PGR,Progressive Corp.,reports,Financials,Property & Casualty Insurance,Mayfield Village, Ohio,
PLD,Prologis,reports,Real Estate,REITs,San Francisco, California,
PRU,Prudential Financial,reports,Financials,Diversified Financial Services,Newark, New Jersey,
PEG,Public Serv. Enterprise Inc.,reports,Utilities,Electric Utilities,Newark, New Jersey,
PSA,Public Storage,reports,Real Estate,REITs,Glendale, California,
PHM,Pulte Homes Inc.,reports,Consumer Discretionary,Homebuilding,Atlanta, Georgia,1984-04-30
PVH,PVH Corp.,reports,Consumer Discretionary,Apparel, Accessories & Luxury Goods,New York, New York,2013-02-15
QRVO,Qorvo,reports,Information Technology,Semiconductors,Greensboro, North Carolina,2015-06-11
QCOM,QUALCOMM Inc.,reports,Information Technology,Semiconductors,San Diego, California,
PWR,Quanta Services Inc.,reports,Industrials,Industrial Conglomerates,Houston, Texas,2009-07-01
DGX,Quest Diagnostics,reports,Health Care,Health Care Facilities,Madison, New Jersey,
RRC,Range Resources Corp.,reports,Energy,Oil & Gas Exploration & Production,Fort Worth, Texas,2007-12-21
RTN,Raytheon Co.,reports,Industrials,Aerospace & Defense,Waltham, Massachusetts,
O,Realty Income Corporation,reports,Real Estate,Retail REITs,San Diego, California,2015-04-07
RHT,Red Hat Inc.,reports,Information Technology,Systems Software,Raleigh, North Carolina,2009-07-27
REGN,Regeneron,reports,Health Care,Biotechnology,Tarrytown, New York,2013-05-01
RF,Regions Financial Corp.,reports,Financials,Diversified Financial Services,Birmingham, Alabama,
RSG,Republic Services Inc,reports,Industrials,Industrial Conglomerates,Phoenix, Arizona,2008-12-05
RAI,Reynolds American Inc.,reports,Consumer Staples,Tobacco,Winston-Salem, North Carolina,
RHI,Robert Half International,reports,Industrials,Human Resource & Employment Services,Menlo Park, California,
ROK,Rockwell Automation Inc.,reports,Industrials,Industrial Conglomerates,Milwaukee, Wisconsin,
COL,Rockwell Collins,reports,Industrials,Industrial Conglomerates,Cedar Rapids, Iowa,
ROP,Roper Industries,reports,Industrials,Industrial Conglomerates,Sarasota, Florida,2009-12-23
ROST,Ross Stores,reports,Consumer Discretionary,Apparel Retail,Pleasanton, California,2009-12-21
RCL,Royal Caribbean Cruises Ltd,reports,Consumer Discretionary,Hotels, Resorts & Cruise Lines,Miami, Florida,2014-12-05
R,Ryder System,reports,Industrials,Industrial Conglomerates,Miami, Florida,1982-12-31
SPGI,S&P Global, Inc.,reports,Financials,Diversified Financial Services,New York, New York,
CRM,Salesforce.com,reports,Information Technology,Internet Software & Services,San Francisco, California,2008-09-15
SCG,SCANA Corp,reports,Utilities,MultiUtilities,Cayce, South Carolina,2009-01-02
SLB,Schlumberger Ltd.,reports,Energy,Oil & Gas Equipment & Services,Cura’_ao, Kingdom of the Netherlands,1965-03-31
SNI,Scripps Networks Interactive Inc.,reports,Consumer Discretionary,Broadcasting & Cable TV,Cincinnati, Ohio,2008-07-01
STX,Seagate Technology,reports,Information Technology,Computer Storage & Peripherals,Dublin, Ireland,2012-07-02
SEE,Sealed Air,reports,Materials,Paper Packaging,Elmwood Park, New Jersey,
SRE,Sempra Energy,reports,Utilities,MultiUtilities,San Diego, California,
SHW,Sherwin-Williams,reports,Materials,Specialty Chemicals,Cleveland, Ohio,1964-06-30
SIG,Signet Jewelers,reports,Consumer Discretionary,Specialty Stores,Hamilton, Bermuda,2015-07-29
SPG,Simon Property Group Inc,reports,Real Estate,REITs,Indianapolis, Indiana,
SWKS,Skyworks Solutions,reports,Information Technology,Semiconductors,Woburn, Massachusetts,2015-03-12
SLG,SL Green Realty,reports,Real Estate,Office REITs,New York, New York,2015-03-20
SNA,Snap-On Inc.,reports,Consumer Discretionary,Household Appliances,Kenosha, Wisconsin,1982-09-30
SO,Southern Co.,reports,Utilities,Electric Utilities,Atlanta, Georgia,
LUV,Southwest Airlines,reports,Industrials,Airlines,Dallas, Texas,1994-07-01
SWN,Southwestern Energy,reports,Energy,Oil & Gas Exploration & Production,Houston, Texas[6],2008-06-06
SE,Spectra Energy Corp.,reports,Energy,Oil & Gas Refining & Marketing & Transportation,Houston, Texas,
SWK,Stanley Black & Decker,reports,Consumer Discretionary,Household Appliances,New Britain, Connecticut,1982-09-30
SPLS,Staples Inc.,reports,Consumer Discretionary,Specialty Stores,Framingham, Massachusetts,
SBUX,Starbucks Corp.,reports,Consumer Discretionary,Restaurants,Seattle, Washington,
STT,State Street Corp.,reports,Financials,Diversified Financial Services,Boston, Massachusetts,
SRCL,Stericycle Inc,reports,Industrials,Industrial Conglomerates,Lake Forest, Illinois,2008-11-19
SYK,Stryker Corp.,reports,Health Care,Health Care Equipment,Kalamazoo, Michigan,
STI,SunTrust Banks,reports,Financials,Banks,Atlanta, Georgia,1988-05-31
SYMC,Symantec Corp.,reports,Information Technology,Application Software,Mountain View, California,2003-03-25
SYF,Synchrony Financial,reports,Financials,Consumer Finance,Stamford, Connecticut,2015-11-18
SYY,Sysco Corp.,reports,Consumer Staples,Food Distributors,Houston, Texas,1986-12-31
TROW,T. Rowe Price Group,reports,Financials,Diversified Financial Services,Baltimore, Maryland,
TGT,Target Corp.,reports,Consumer Discretionary,General Merchandise Stores,Minneapolis, Minnesota,1976-12-31
TEL,TE Connectivity Ltd.,reports,Information Technology,Electronic Manufacturing Services,Schaffhausen, Switzerland,2011-10-17
TGNA,Tegna, Inc.,reports,Consumer Discretionary,Publishing,McLean, Virginia,1975-12-31
TDC,Teradata Corp.,reports,Information Technology,Application Software,Miamisburg, Ohio,2007-10-01
TSO,Tesoro Petroleum Co.,reports,Energy,Oil & Gas Refining & Marketing & Transportation,San Antonio, Texas,2007-09-27
TXN,Texas Instruments,reports,Information Technology,Semiconductors,Dallas, Texas,
TXT,Textron Inc.,reports,Industrials,Industrial Conglomerates,Providence, Rhode Island,1978-12-31
BK,The Bank of New York Mellon Corp.,reports,Financials,Banks,New York, New York,
CLX,The Clorox Company,reports,Consumer Staples,Household Products,Oakland, California,1969-03-31
COO,The Cooper Companies,reports,Health Care,Health Care Supplies,Pleasanton, California,2016-09-23
HSY,The Hershey Company,reports,Consumer Staples,Packaged Foods & Meats,Hershey, Pennsylvania,
MOS,The Mosaic Company,reports,Materials,Fertilizers & Agricultural Chemicals,Plymouth, Minnesota,2011-09-26
TRV,The Travelers Companies Inc.,reports,Financials,Property & Casualty Insurance,New York, New York,
DIS,The Walt Disney Company,reports,Consumer Discretionary,Broadcasting & Cable TV,Burbank, California,1976-06-30
TMO,Thermo Fisher Scientific,reports,Health Care,Health Care Equipment,Waltham, Massachusetts,
TIF,Tiffany & Co.,reports,Consumer Discretionary,Apparel, Accessories & Luxury Goods,New York, New York,
TWX,Time Warner Inc.,reports,Consumer Discretionary,Broadcasting & Cable TV,New York, New York,
TJX,TJX Companies Inc.,reports,Consumer Discretionary,Apparel Retail,Framingham, Massachusetts,1985-09-30
TMK,Torchmark Corp.,reports,Financials,Life & Health Insurance,McKinney, Texas,1989-04-30
TSS,Total System Services,reports,Information Technology,Internet Software & Services,Columbus, Georgia,2008-01-02
TSCO,Tractor Supply Company,reports,Consumer Discretionary,Specialty Retail,Brentwood, Tennessee,2014-01-24
TDG,TransDigm Group,reports,Industrials,Aerospace & Defense,Cleveland, Ohio,2016-06-03
RIG,Transocean,reports,Energy,Oil & Gas Drilling,Vernier, Switzerland,2013-10-29
TRIP,TripAdvisor,reports,Consumer Discretionary,Internet & Direct Marketing Retail,Newton, Massachusetts,2011-12-21
FOXA,Twenty-First Century Fox Class A,reports,Consumer Discretionary,Publishing,New York, New York,2013-07-01
FOX,Twenty-First Century Fox Class B,reports,Consumer Discretionary,Publishing,New York, New York,2015-09-18
TSN,Tyson Foods,reports,Consumer Staples,Packaged Foods & Meats,Springdale, Arkansas,
USB,U.S. Bancorp,reports,Financials,Banks,Minneapolis, Minnesota,
UDR,UDR Inc,reports,Real Estate,Residential REITs,Highlands Ranch, Colorado,2016-03-07
ULTA,Ulta Salon Cosmetics & Fragrance Inc,reports,Consumer Discretionary,Specialty Stores,Bolingbrook, Illinois,2016-04-18
UA,Under Armour,reports,Consumer Discretionary,Apparel, Accessories & Luxury Goods,Baltimore, Maryland,2014-05-01
UAA,Under Armour,reports,Consumer Discretionary,Apparel, Accessories & Luxury Goods,Baltimore, Maryland,2016-03-25
UNP,Union Pacific,reports,Industrials,Railroads,Omaha, Nebraska,
UAL,United Continental Holdings,reports,Industrials,Airlines,Chicago, Illinois,2015-09-03
UNH,United Health Group Inc.,reports,Health Care,Managed Health Care,Minnetonka, Minnesota,1994-07-01
UPS,United Parcel Service,reports,Industrials,Air Freight & Logistics,Atlanta, Georgia,
URI,United Rentals, Inc.,reports,Industrials,Trading Companies & Distributors,Stamford, Connecticut,2014-09-20
UTX,United Technologies,reports,Industrials,Industrial Conglomerates,Hartford, Connecticut,
UHS,Universal Health Services, Inc.,reports,Health Care,Health Care Facilities,King of Prussia, Pennsylvania,2014-09-20
UNM,Unum Group,reports,Financials,Diversified Financial Services,Chattanooga, Tennessee,1994-03-01
URBN,Urban Outfitters,reports,Consumer Discretionary,Apparel Retail,Philadelphia, Pennsylvania,2010-02-08
VFC,V.F. Corp.,reports,Consumer Discretionary,Apparel, Accessories & Luxury Goods,Greensboro, North Carolina,1979-06-30
VLO,Valero Energy,reports,Energy,Oil & Gas Refining & Marketing & Transportation,San Antonio, Texas,
VAR,Varian Medical Systems,reports,Health Care,Health Care Equipment,Palo Alto, California,2007-02-12
VTR,Ventas Inc,reports,Real Estate,REITs,Chicago, Illinois,2009-03-04
VRSN,Verisign Inc.,reports,Information Technology,Internet Software & Services,Dulles, Virginia,
VRSK,Verisk Analytics,reports,Industrials,Research & Consulting Services,Jersey City, New Jersey,2015-10-08
VZ,Verizon Communications,reports,Telecommunications Services,Integrated Telecommunications Services,New York, New York,1983-11-30
VRTX,Vertex Pharmaceuticals Inc,reports,Health Care,Biotechnology,Cambridge, Massachusetts,2013-09-23
VIAB,Viacom Inc.,reports,Consumer Discretionary,Broadcasting & Cable TV,New York, New York,
V,Visa Inc.,reports,Information Technology,Internet Software & Services,San Francisco, California,2009-12-21
VNO,Vornado Realty Trust,reports,Real Estate,REITs,New York, New York,
VMC,Vulcan Materials,reports,Materials,Construction Materials,Birmingham, Alabama,
WMT,Wal-Mart Stores,reports,Consumer Staples,Hypermarkets & Super Centers,Bentonville, Arkansas,1982-08-31
WBA,Walgreens Boots Alliance,reports,Consumer Staples,Drug Retail,Deerfield, Illinois,1979-12-31
WM,Waste Management Inc.,reports,Industrials,Environmental Services,Houston, Texas,
WAT,Waters Corporation,reports,Health Care,Health Care Distributors,Milford, Massachusetts,
WEC,Wec Energy Group Inc,reports,Utilities,Electric Utilities,Milwaukee, Wisconsin,2008-10-31
WFC,Wells Fargo,reports,Financials,Banks,San Francisco, California,1976-06-30
HCN,Welltower Inc.,reports,Real Estate,REITs,Toledo, Ohio,2009-01-30
WDC,Western Digital,reports,Information Technology,Computer Storage & Peripherals,Irvine, California,2009-07-01
WU,Western Union Co,reports,Information Technology,Internet Software & Services,Englewood, Colorado,
WRK,WestRock Company,reports,Materials,Paper Packaging,Richmond, Virginia,
WY,Weyerhaeuser Corp.,reports,Real Estate,REITs,Federal Way, Washington,
WHR,Whirlpool Corp.,reports,Consumer Discretionary,Household Appliances,Benton Harbor, Michigan,
WFM,Whole Foods Market,reports,Consumer Staples,Food Retail,Austin, Texas,
WMB,Williams Cos.,reports,Energy,Oil & Gas Exploration & Production,Tulsa, Oklahoma,1975-03-31
WLTW,Willis Towers Watson,reports,Financials,Insurance Brokers,London, United Kingdom,2016-01-05
WYN,Wyndham Worldwide,reports,Consumer Discretionary,Hotels, Resorts & Cruise Lines,Parsippany, New Jersey,
WYNN,Wynn Resorts Ltd,reports,Consumer Discretionary,Casinos & Gaming,Las Vegas, Nevada,2008-11-14
XEL,Xcel Energy Inc,reports,Utilities,MultiUtilities,Minneapolis, Minnesota,
XRX,Xerox Corp.,reports,Information Technology,IT Consulting & Other Services,Norwalk, Connecticut,
XLNX,Xilinx Inc,reports,Information Technology,Semiconductors,San Jose, California,
XL,XL Capital,reports,Financials,Property & Casualty Insurance,Hamilton, Bermuda,
XYL,Xylem Inc.,reports,Industrials,Industrial Conglomerates,White Plains, New York,2011-11-01
YHOO,Yahoo Inc.,reports,Information Technology,Internet Software & Services,Sunnyvale, California,
YUM,Yum! Brands Inc,reports,Consumer Discretionary,Restaurants,Louisville, Kentucky,1997-10-06
ZBH,Zimmer Biomet Holdings,reports,Health Care,Health Care Equipment,Warsaw, Indiana,
ZION,Zions Bancorp,reports,Financials,Regional Banks,Salt Lake City, Utah,
ZTS,Zoetis,reports,Health Care,Pharmaceuticals,Florham Park, New Jersey,2013-06-21